battery_id,file_name,temperature_c,actual_relative_capacity,segment_count,total_file_capacity_ah,reference_capacity_ah,is_initial_capacity,is_low_current_ocv,is_incremental_ocv,file_order_position,days_from_first_normalized,raw_predicted_relative_capacity,predicted_relative_capacity
SP20-1,02_24_2016_SP20-1_0C_lowcurrentOCV.xls,0.0,0.8723990508776358,1,1.881640193545241,2.1568572222222224,False,True,False,0.8333333333333334,0.9849624060150376,0.8723399116041803,0.8723399116041803
SP20-1,02_26_2016_SP20-1_0C_incrementalOCV.xls,0.0,0.8358224915126726,10,1.8027497773148802,2.1568572222222224,False,False,True,1.0,1.0,0.822547296472854,0.822547296472854
SP20-1,10_16_2015_Initial capacity_SP20-1.xlsx,0.0,0.9315229612187781,1,2.0091620265705528,2.1568572222222224,True,False,False,0.0,0.0,0.9314445808399404,0.9314445808399404
SP20-1,11_5_2015_low current OCV test_SP20-1.xlsx,25.0,1.0,1,2.1568572222222224,2.1568572222222224,False,True,False,0.16666666666666666,0.15037593984962405,1.000185534514096,1.000185534514096
SP20-1,12_2_2015_Incremental OCV test_SP20-1.xlsx,25.0,0.9201079291705436,10,1.98454143225542,2.1568572222222224,False,False,True,0.5,0.3533834586466165,0.9223097463826846,0.9223097463826846
SP20-1,11_21_2015_low current OCV test_SP20-1.xlsx,45.0,0.9375496961499795,1,2.0221608333333334,2.1568572222222224,False,True,False,0.3333333333333333,0.2706766917293233,0.9375862830737414,0.9375862830737414
SP20-1,12_09_2015_Incremental OCV test_SP20-1.xlsx,45.0,0.9257706497435736,10,1.996755112020786,2.1568572222222224,False,False,True,0.6666666666666666,0.40601503759398494,0.9255251068088831,0.9255251068088831
