battery_id,file_name,temperature_c,actual_relative_capacity,segment_count,total_file_capacity_ah,reference_capacity_ah,is_initial_capacity,is_low_current_ocv,is_incremental_ocv,file_order_position,days_from_first_normalized,raw_predicted_relative_capacity,predicted_relative_capacity
SP20-3,03_03_2016_SP20-3_0C_lowcurrentOCV.xls,0.0,0.872032854760857,1,1.8644815774281098,2.138086388888889,False,True,False,0.8333333333333334,0.9586206896551724,0.8720324373916006,0.8720324373916006
SP20-3,03_09_2016_SP20-3_0C_incrementalOCV.xls,0.0,0.8242650137326616,10,1.762349806699117,2.138086388888889,False,False,True,1.0,1.0,0.8349954229152963,0.8349954229152963
SP20-3,10_16_2015_Initial capacity_SP20-3.xls,0.0,0.924764603069849,1,1.9772266107498802,2.138086388888889,True,False,False,0.0,0.0,0.9247769215957637,0.9247769215957637
SP20-3,11_16_2015_low current OCV test_SP20-3.xls,25.0,0.9729029470244354,1,2.080150548742833,2.138086388888889,False,True,False,0.16666666666666666,0.21379310344827587,0.9729029520596019,0.9729029520596019
SP20-3,12_2_2015_Incremental OCV test_SP20-3.xlsx,25.0,0.9322166669960579,10,1.9931597671996373,2.138086388888889,False,False,True,0.5,0.32413793103448274,0.9289705330666461,0.9289705330666461
SP20-3,11_21_2015_low current OCV test_SP20-3_samallcurrent.xlsx,45.0,1.0,1,2.138086388888889,2.138086388888889,False,True,False,0.3333333333333333,0.2482758620689655,0.9999855260981625,0.9999855260981625
SP20-3,12_09_2015_Incremental OCV test_SP20-3.xlsx,45.0,0.9342109885946209,10,1.9974237990645922,2.138086388888889,False,False,True,0.6666666666666666,0.3724137931034483,0.9340711373981576,0.9340711373981576
